timestamp,host,avg_latency,packet_loss,ttl_return,icmp_reachable,filtered_ports_count,scan_time,syn_ack_ratio,tcp_reset_ratio,response_time,header_modified,firewall_label
1759871813,192.168.56.10,0.303,0.0,64,1,0,0.62,1.0,1.0,0.49,0,0
1759871813,192.168.56.11,0.258,0.0,64,1,1,1.53,1.0,0.0,0.976,0,1
1759871813,192.168.56.13,0.261,0.0,64,1,0,0.63,1.0,1.0,0.35,1,3
1759871813,192.168.56.12,0.248,0.0,64,1,0,5.3,0.0,0.0,1005.25,0,2
1759871842,192.168.56.10,0.3,0.0,64,1,0,0.31,1.0,1.0,0.305,0,0
1759871842,192.168.56.13,0.299,0.0,64,1,0,0.34,1.0,1.0,0.415,1,3
1759871842,192.168.56.11,0.251,0.0,64,1,1,5.47,1.0,0.0,0.678,0,1
1759871842,192.168.56.12,0.61,0.0,64,1,0,5.3,0.0,0.0,0.471,0,2
1759871871,192.168.56.13,0.305,0.0,64,1,0,0.49,1.0,1.0,0.343,1,3
1759871871,192.168.56.10,0.304,0.0,64,1,0,0.49,1.0,1.0,0.349,0,0
1759871871,192.168.56.11,0.299,0.0,64,1,1,1.44,1.0,0.0,0.809,0,1
1759871871,192.168.56.12,0.266,0.0,64,1,0,6.12,0.0,0.0,0.567,0,2
1759871901,192.168.56.10,0.316,0.0,64,1,0,0.34,1.0,1.0,0.307,0,0
1759871901,192.168.56.11,0.22,0.0,64,1,1,1.52,1.0,0.0,0.843,0,1
1759871901,192.168.56.13,0.297,0.0,64,1,0,0.34,1.0,1.0,0.36,1,3
1759871901,192.168.56.12,0.366,0.0,64,1,0,5.38,0.0,0.0,0.549,0,2
1759871930,192.168.56.13,0.248,0.0,64,1,0,0.48,1.0,1.0,0.3,1,3
1759871930,192.168.56.10,0.294,0.0,64,1,0,0.5,1.0,1.0,0.348,0,0
1759871930,192.168.56.11,0.318,0.0,64,1,1,1.68,1.0,0.0,1.276,0,1
1759871930,192.168.56.12,0.281,0.0,64,1,0,5.37,0.0,0.0,0.387,0,2
1759871959,192.168.56.13,0.294,0.0,64,1,0,0.34,1.0,1.0,0.286,1,3
1759871959,192.168.56.10,0.286,0.0,64,1,0,0.37,1.0,1.0,0.294,0,0
1759871959,192.168.56.11,0.307,0.0,64,1,1,1.83,1.0,0.0,0.785,0,1
1759871959,192.168.56.12,0.433,0.0,64,1,0,5.37,0.0,0.0,0.524,0,2
1759871988,192.168.56.10,0.365,0.0,64,1,0,0.27,1.0,1.0,0.333,0,0
1759871988,192.168.56.11,0.283,0.0,64,1,1,1.45,1.0,0.0,0.674,0,1
1759871988,192.168.56.13,0.284,0.0,64,1,0,0.27,1.0,1.0,0.313,1,3
1759871988,192.168.56.12,0.283,0.0,64,1,0,5.28,0.0,0.0,0.296,0,2
1759872017,192.168.56.10,0.223,0.0,64,1,0,0.27,1.0,1.0,0.319,0,0
1759872017,192.168.56.13,0.238,0.0,64,1,0,0.28,1.0,1.0,0.36,1,3
1759872017,192.168.56.11,0.261,0.0,64,1,1,1.48,1.0,0.0,0.846,0,1
1759872017,192.168.56.12,0.327,0.0,64,1,0,5.46,0.0,0.0,1005.386,0,2
1759872046,192.168.56.13,0.261,0.0,64,1,0,0.25,1.0,1.0,0.375,1,3
1759872046,192.168.56.10,0.298,0.0,64,1,0,0.26,1.0,1.0,0.358,0,0
1759872046,192.168.56.11,0.305,0.0,64,1,1,1.5,1.0,0.0,0.731,0,1
1759872046,192.168.56.12,0.345,0.0,64,1,0,5.28,0.0,0.0,0.321,0,2
1759872075,192.168.56.10,0.349,0.0,64,1,0,0.6,1.0,1.0,0.294,0,0
1759872075,192.168.56.11,0.291,0.0,64,1,1,1.77,1.0,0.0,0.761,0,1
1759872075,192.168.56.13,0.286,0.0,64,1,0,0.61,1.0,1.0,0.28,1,3
1759872075,192.168.56.12,0.367,0.0,64,1,0,5.59,0.0,0.0,1.655,0,2
1759872104,192.168.56.13,0.27,0.0,64,1,0,0.68,1.0,1.0,0.331,1,3
1759872104,192.168.56.10,0.326,0.0,64,1,0,0.7,1.0,1.0,0.298,0,0
1759872104,192.168.56.11,0.312,0.0,64,1,1,1.86,1.0,0.0,0.79,0,1
1759872104,192.168.56.12,0.33,0.0,64,1,0,5.7,0.0,0.0,1001.441,0,2
1759872135,192.168.56.13,0.276,0.0,64,1,0,0.38,1.0,1.0,0.335,1,3
1759872135,192.168.56.10,0.298,0.0,64,1,0,0.38,1.0,1.0,0.357,0,0
1759872135,192.168.56.11,0.273,0.0,64,1,1,1.57,1.0,0.0,0.882,0,1
1759872135,192.168.56.12,0.354,0.0,64,1,0,5.39,0.0,0.0,0.372,0,2
1759872164,192.168.56.10,0.381,0.0,64,1,0,0.27,1.0,1.0,0.606,0,0
1759872164,192.168.56.11,0.319,0.0,64,1,1,1.47,1.0,0.0,1.846,0,1
1759872164,192.168.56.13,0.319,0.0,64,1,0,0.82,1.0,1.0,0.395,1,3
1759872164,192.168.56.12,0.394,0.0,64,1,0,5.84,0.0,0.0,0.489,0,2
1759872193,192.168.56.13,0.244,0.0,64,1,0,0.42,1.0,1.0,0.381,1,3
1759872193,192.168.56.10,0.29,0.0,64,1,0,0.42,1.0,1.0,0.324,0,0
1759872193,192.168.56.11,0.237,0.0,64,1,1,1.48,1.0,0.0,0.849,0,1
1759872193,192.168.56.12,0.294,0.0,64,1,0,5.29,0.0,0.0,0.33,0,2
1759872222,192.168.56.13,0.273,0.0,64,1,0,0.55,1.0,1.0,0.33,1,3
1759872222,192.168.56.10,0.239,0.0,64,1,0,0.56,1.0,1.0,0.393,0,0
1759872222,192.168.56.11,0.264,0.0,64,1,1,1.63,1.0,0.0,1.481,0,1
1759872222,192.168.56.12,0.402,0.0,64,1,0,5.27,0.0,0.0,0.45,0,2
1759872250,192.168.56.10,0.27,0.0,64,1,0,0.48,1.0,1.0,0.335,0,0
1759872250,192.168.56.11,0.296,0.0,64,1,1,1.66,1.0,0.0,1.009,0,1
1759872250,192.168.56.13,0.302,0.0,64,1,0,0.49,1.0,1.0,0.318,1,3
1759872250,192.168.56.12,0.325,0.0,64,1,0,5.51,0.0,0.0,0.644,0,2
1759872279,192.168.56.13,0.213,0.0,64,1,0,0.36,1.0,1.0,0.348,1,3
1759872279,192.168.56.10,0.204,0.0,64,1,0,0.37,1.0,1.0,0.3,0,0
1759872279,192.168.56.11,0.23,0.0,64,1,1,1.52,1.0,0.0,0.756,0,1
1759872279,192.168.56.12,0.302,0.0,64,1,0,5.37,0.0,0.0,0.373,0,2
1759872308,192.168.56.10,0.248,0.0,64,1,0,0.26,1.0,1.0,0.361,0,0
1759872308,192.168.56.13,0.259,0.0,64,1,0,0.29,1.0,1.0,0.393,1,3
1759872308,192.168.56.11,0.242,0.0,64,1,1,1.43,1.0,0.0,0.812,0,1
1759872308,192.168.56.12,0.313,0.0,64,1,0,5.85,0.0,0.0,1017.108,0,2
1759872339,192.168.56.10,0.311,0.0,64,1,0,0.37,1.0,1.0,0.404,0,0
1759872339,192.168.56.11,0.234,0.0,64,1,1,1.56,1.0,0.0,1.107,0,1
1759872339,192.168.56.13,0.284,0.0,64,1,0,0.38,1.0,1.0,0.368,1,3
1759872339,192.168.56.12,0.3,0.0,64,1,0,5.4,0.0,0.0,0.471,0,2
1759872368,192.168.56.13,0.295,0.0,64,1,0,0.32,1.0,1.0,0.361,1,3
1759872368,192.168.56.10,0.328,0.0,64,1,0,0.39,1.0,1.0,0.422,0,0
1759872368,192.168.56.11,0.275,0.0,64,1,1,1.51,1.0,0.0,0.998,0,1
1759872368,192.168.56.12,0.416,0.0,64,1,0,6.54,0.0,0.0,1004.915,0,2
1759872399,192.168.56.13,0.26,0.0,64,1,0,0.28,1.0,1.0,0.648,1,3
1759872399,192.168.56.10,0.272,0.0,64,1,0,0.28,1.0,1.0,0.274,0,0
1759872399,192.168.56.11,0.283,0.0,64,1,1,1.46,1.0,0.0,0.641,0,1
1759872399,192.168.56.12,0.258,0.0,64,1,0,5.5,0.0,0.0,1012.867,0,2
1759872429,192.168.56.10,0.231,0.0,64,1,0,0.3,1.0,1.0,0.322,0,0
1759872429,192.168.56.11,0.254,0.0,64,1,1,1.48,1.0,0.0,0.655,0,1
1759872429,192.168.56.13,0.311,0.0,64,1,0,0.28,1.0,1.0,0.278,1,3
1759872429,192.168.56.12,0.437,0.0,64,1,0,5.3,0.0,0.0,0.297,0,2
1759872458,192.168.56.13,0.245,0.0,64,1,0,0.28,1.0,1.0,0.283,1,3
1759872458,192.168.56.10,0.26,0.0,64,1,0,0.33,1.0,1.0,0.305,0,0
1759872458,192.168.56.11,0.276,0.0,64,1,1,1.48,1.0,0.0,0.888,0,1
1759872458,192.168.56.12,0.329,0.0,64,1,0,5.3,0.0,0.0,1020.941,0,2
1759872487,192.168.56.13,0.307,0.0,64,1,0,1.38,1.0,1.0,0.351,1,3
1759872487,192.168.56.10,0.31,0.0,64,1,0,1.38,1.0,1.0,0.394,0,0
1759872487,192.168.56.11,0.264,0.0,64,1,1,2.55,1.0,0.0,0.904,0,1
1759872487,192.168.56.12,0.374,0.0,64,1,0,6.39,0.0,0.0,0.815,0,2
1759872517,192.168.56.10,0.318,0.0,64,1,0,0.29,1.0,1.0,0.291,0,0
1759872517,192.168.56.11,0.261,0.0,64,1,1,1.48,1.0,0.0,0.89,0,1
1759872517,192.168.56.13,0.228,0.0,64,1,0,0.3,1.0,1.0,0.335,1,3
1759872517,192.168.56.12,0.31,0.0,64,1,0,5.31,0.0,0.0,0.448,0,2
1759872546,192.168.56.13,0.301,0.0,64,1,0,0.36,1.0,1.0,0.274,1,3
1759872546,192.168.56.10,0.255,0.0,64,1,0,0.36,1.0,1.0,0.374,0,0
1759872546,192.168.56.11,0.341,0.0,64,1,1,1.5,1.0,0.0,0.699,0,1
1759872546,192.168.56.12,0.405,0.0,64,1,0,5.38,0.0,0.0,0.373,0,2
1759872575,192.168.56.13,0.26,0.0,64,1,0,0.29,1.0,1.0,0.299,1,3
1759872575,192.168.56.10,0.282,0.0,64,1,0,0.29,1.0,1.0,0.341,0,0
1759872575,192.168.56.11,0.29,0.0,64,1,1,1.47,1.0,0.0,0.816,0,1
1759872575,192.168.56.12,0.403,0.0,64,1,0,5.35,0.0,0.0,0.314,0,2
1759872604,192.168.56.10,0.311,0.0,64,1,0,0.31,1.0,1.0,0.355,0,0
1759872604,192.168.56.11,0.285,0.0,64,1,1,1.49,1.0,0.0,0.646,0,1
1759872604,192.168.56.13,0.279,0.0,64,1,0,0.32,1.0,1.0,0.271,1,3
1759872604,192.168.56.12,0.366,0.0,64,1,0,5.31,0.0,0.0,0.402,0,2
1759872633,192.168.56.13,0.258,0.0,64,1,0,0.34,1.0,1.0,0.373,1,3
1759872633,192.168.56.10,0.303,0.0,64,1,0,0.38,1.0,1.0,0.363,0,0
1759872633,192.168.56.11,0.311,0.0,64,1,1,1.51,1.0,0.0,0.833,0,1
1759872633,192.168.56.12,0.255,0.0,64,1,0,5.32,0.0,0.0,0.417,0,2
1759872662,192.168.56.13,0.301,0.0,64,1,0,0.34,1.0,1.0,0.3,1,3
1759872662,192.168.56.10,0.272,0.0,64,1,0,0.33,1.0,1.0,0.375,0,0
1759872662,192.168.56.11,0.285,0.0,64,1,1,1.54,1.0,0.0,1.209,0,1
1759872662,192.168.56.12,0.335,0.0,64,1,0,5.35,0.0,0.0,0.614,0,2
1759872690,192.168.56.10,0.372,0.0,64,1,0,0.32,1.0,1.0,0.333,0,0
1759872690,192.168.56.11,0.351,0.0,64,1,1,1.5,1.0,0.0,0.683,0,1
1759872690,192.168.56.13,0.254,0.0,64,1,0,0.36,1.0,1.0,0.267,1,3
1759872690,192.168.56.12,0.325,0.0,64,1,0,5.94,0.0,0.0,1016.474,0,2
1759872721,192.168.56.13,0.369,0.0,64,1,0,0.62,1.0,1.0,0.276,1,3
1759872721,192.168.56.10,0.33,0.0,64,1,0,0.6,1.0,1.0,0.29,0,0
1759872721,192.168.56.11,0.335,0.0,64,1,1,1.78,1.0,0.0,0.695,0,1
1759872721,192.168.56.12,0.429,0.0,64,1,0,5.62,0.0,0.0,0.29,0,2
1759872750,192.168.56.10,0.274,0.0,64,1,0,0.57,1.0,1.0,0.355,0,0
1759872750,192.168.56.13,0.312,0.0,64,1,0,0.59,1.0,1.0,0.382,1,3
1759872750,192.168.56.11,0.295,0.0,64,1,1,1.75,1.0,0.0,2.49,0,1
1759872750,192.168.56.12,0.405,0.0,64,1,0,5.58,0.0,0.0,0.393,0,2
1759872779,192.168.56.10,0.337,0.0,64,1,0,0.36,1.0,1.0,0.311,0,0
1759872779,192.168.56.11,0.416,0.0,64,1,1,1.55,1.0,0.0,1.44,0,1
1759872779,192.168.56.13,0.315,0.0,64,1,0,0.35,1.0,1.0,0.386,1,3
1759872779,192.168.56.12,0.366,0.0,64,1,0,5.37,0.0,0.0,0.362,0,2
1759872808,192.168.56.10,0.253,0.0,64,1,0,0.27,1.0,1.0,0.364,0,0
1759872808,192.168.56.13,0.311,0.0,64,1,0,0.29,1.0,1.0,0.43,1,3
1759872808,192.168.56.11,0.267,0.0,64,1,1,1.5,1.0,0.0,1.13,0,1
1759872808,192.168.56.12,0.396,0.0,64,1,0,5.32,0.0,0.0,0.332,0,2
1759872837,192.168.56.13,0.241,0.0,64,1,0,0.32,1.0,1.0,0.316,1,3
1759872837,192.168.56.10,0.227,0.0,64,1,0,0.34,1.0,1.0,0.328,0,0
1759872837,192.168.56.11,0.256,0.0,64,1,1,1.51,1.0,0.0,0.7,0,1
1759872837,192.168.56.12,0.294,0.0,64,1,0,5.88,0.0,0.0,1013.125,0,2
1759872867,192.168.56.10,0.269,0.0,64,1,0,0.34,1.0,1.0,0.372,0,0
1759872867,192.168.56.11,0.237,0.0,64,1,1,1.52,1.0,0.0,1.056,0,1
1759872867,192.168.56.13,0.26,0.0,64,1,0,0.34,1.0,1.0,0.4,1,3
1759872867,192.168.56.12,0.273,0.0,64,1,0,5.92,0.0,0.0,1029.196,0,2
1759872897,192.168.56.13,0.297,0.0,64,1,0,0.25,1.0,1.0,0.408,1,3
1759872897,192.168.56.10,0.283,0.0,64,1,0,0.35,1.0,1.0,0.426,0,0
1759872897,192.168.56.11,0.278,0.0,64,1,1,1.48,1.0,0.0,0.83,0,1
1759872897,192.168.56.12,0.326,0.0,64,1,0,5.86,0.0,0.0,0.45,0,2
1759872926,192.168.56.13,0.302,0.0,64,1,0,0.24,1.0,1.0,0.302,1,3
1759872926,192.168.56.10,0.278,0.0,64,1,0,0.26,1.0,1.0,0.393,0,0
1759872926,192.168.56.11,0.288,0.0,64,1,1,1.43,1.0,0.0,0.732,0,1
1759872926,192.168.56.12,0.327,0.0,64,1,0,5.28,0.0,0.0,0.429,0,2
1759872955,192.168.56.10,0.317,0.0,64,1,0,0.26,1.0,1.0,0.32,0,0
1759872955,192.168.56.11,0.314,0.0,64,1,1,1.42,1.0,0.0,1.186,0,1
1759872955,192.168.56.13,0.357,0.0,64,1,0,0.27,1.0,1.0,0.346,1,3
1759872955,192.168.56.12,0.31,0.0,64,1,0,5.94,0.0,0.0,1020.828,0,2
1759872984,192.168.56.13,0.296,0.0,64,1,0,1.43,1.0,1.0,0.531,1,3
1759872984,192.168.56.10,0.279,0.0,64,1,0,1.42,1.0,1.0,0.447,0,0
1759872984,192.168.56.11,0.242,0.0,64,1,1,2.62,1.0,0.0,0.632,0,1
1759872984,192.168.56.12,0.363,0.0,64,1,0,6.48,0.0,0.0,1024.817,0,2
1759873015,192.168.56.13,0.287,0.0,64,1,0,0.32,1.0,1.0,0.307,1,3
1759873015,192.168.56.10,0.304,0.0,64,1,0,0.38,1.0,1.0,0.517,0,0
1759873015,192.168.56.11,0.285,0.0,64,1,1,1.5,1.0,0.0,0.723,0,1
1759873015,192.168.56.12,0.268,0.0,64,1,0,6.54,0.0,0.0,1021.013,0,2
1759873047,192.168.56.10,0.328,0.0,64,1,0,0.3,1.0,1.0,0.304,0,0
1759873047,192.168.56.11,0.276,0.0,64,1,1,1.48,1.0,0.0,0.616,0,1
1759873047,192.168.56.13,0.374,0.0,64,1,0,0.36,1.0,1.0,0.444,1,3
1759873047,192.168.56.12,0.395,0.0,64,1,0,5.9,0.0,0.0,1008.951,0,2
1759873077,192.168.56.10,0.298,0.0,64,1,0,4.09,1.0,1.0,0.494,0,0
1759873077,192.168.56.13,0.296,0.0,64,1,0,4.14,1.0,1.0,0.444,1,3
1759873077,192.168.56.11,0.336,0.0,64,1,1,5.33,1.0,0.0,0.839,0,1
1759873077,192.168.56.12,0.423,0.0,64,1,0,9.09,0.0,0.0,0.365,0,2
1759873110,192.168.56.13,0.22,0.0,64,1,0,0.27,1.0,1.0,0.435,1,3
1759873110,192.168.56.10,0.277,0.0,64,1,0,0.27,1.0,1.0,0.29,0,0
1759873110,192.168.56.11,0.269,0.0,64,1,1,1.51,1.0,0.0,0.898,0,1
1759873110,192.168.56.12,0.336,0.0,64,1,0,5.28,0.0,0.0,0.428,0,2
1759873138,192.168.56.10,0.322,0.0,64,1,0,0.28,1.0,1.0,0.3,0,0
1759873138,192.168.56.11,0.306,0.0,64,1,1,1.47,1.0,0.0,1.374,0,1
1759873138,192.168.56.13,0.26,0.0,64,1,0,0.3,1.0,1.0,0.439,1,3
1759873138,192.168.56.12,0.466,0.0,64,1,0,5.3,0.0,0.0,0.764,0,2
1759873167,192.168.56.10,0.29,0.0,64,1,0,0.23,1.0,1.0,0.322,0,0
1759873167,192.168.56.13,0.251,0.0,64,1,0,0.27,1.0,1.0,0.281,1,3
1759873167,192.168.56.11,0.246,0.0,64,1,1,1.45,1.0,0.0,0.821,0,1
1759873167,192.168.56.12,0.283,0.0,64,1,0,5.26,0.0,0.0,0.481,0,2
1759873196,192.168.56.13,0.249,0.0,64,1,0,1.04,1.0,1.0,0.404,1,3
1759873196,192.168.56.10,0.259,0.0,64,1,0,1.09,1.0,1.0,0.326,0,0
1759873196,192.168.56.11,0.234,0.0,64,1,1,2.23,1.0,0.0,0.77,0,1
1759873196,192.168.56.12,0.28,0.0,64,1,0,10.53,0.0,0.0,1008.982,0,2
1759873231,192.168.56.10,0.324,0.0,64,1,0,0.5,1.0,1.0,0.514,0,0
1759873231,192.168.56.11,0.369,0.0,64,1,1,1.69,1.0,0.0,0.687,0,1
1759873231,192.168.56.13,0.339,0.0,64,1,0,0.51,1.0,1.0,0.352,1,3
1759873231,192.168.56.12,0.314,0.0,64,1,0,6.31,0.0,0.0,0.318,0,2
1759873261,192.168.56.13,0.345,0.0,64,1,0,0.4,1.0,1.0,0.264,1,3
1759873261,192.168.56.10,0.28,0.0,64,1,0,0.44,1.0,1.0,0.374,0,0
1759873261,192.168.56.11,0.274,0.0,64,1,1,1.59,1.0,0.0,0.765,0,1
1759873261,192.168.56.12,0.366,0.0,64,1,0,5.41,0.0,0.0,0.348,0,2
1759873290,192.168.56.10,0.314,0.0,64,1,0,0.3,1.0,1.0,0.368,0,0
1759873290,192.168.56.13,0.38,0.0,64,1,0,0.41,1.0,1.0,0.385,1,3
1759873290,192.168.56.11,0.356,0.0,64,1,1,1.56,1.0,0.0,0.742,0,1
1759873290,192.168.56.12,0.387,0.0,64,1,0,5.31,0.0,0.0,0.378,0,2
1759873319,192.168.56.10,0.282,0.0,64,1,0,0.33,1.0,1.0,0.34,0,0
1759873319,192.168.56.11,0.269,0.0,64,1,1,1.5,1.0,0.0,0.802,0,1
1759873319,192.168.56.13,0.321,0.0,64,1,0,0.34,1.0,1.0,0.417,1,3
1759873319,192.168.56.12,0.405,0.0,64,1,0,5.33,0.0,0.0,0.397,0,2
1759873347,192.168.56.13,0.32,0.0,64,1,0,0.24,1.0,1.0,0.33,1,3
1759873347,192.168.56.10,0.308,0.0,64,1,0,0.28,1.0,1.0,0.364,0,0
1759873347,192.168.56.11,0.277,0.0,64,1,1,1.46,1.0,0.0,0.82,0,1
1759873347,192.168.56.12,0.308,0.0,64,1,0,5.33,0.0,0.0,0.408,0,2
1759873376,192.168.56.13,0.271,0.0,64,1,0,0.24,1.0,1.0,0.464,1,3
1759873376,192.168.56.10,0.223,0.0,64,1,0,0.24,1.0,1.0,0.392,0,0
1759873376,192.168.56.11,0.245,0.0,64,1,1,1.44,1.0,0.0,1.212,0,1
1759873376,192.168.56.12,0.241,0.0,64,1,0,5.86,0.0,0.0,1012.875,0,2
1759873406,192.168.56.10,0.334,0.0,64,1,0,0.34,1.0,1.0,0.438,0,0
1759873406,192.168.56.11,0.317,0.0,64,1,1,1.47,1.0,0.0,0.628,0,1
1759873406,192.168.56.13,0.321,0.0,64,1,0,0.28,1.0,1.0,0.35,1,3
1759873406,192.168.56.12,0.325,0.0,64,1,0,5.29,0.0,0.0,0.372,0,2
1759873434,192.168.56.10,0.356,0.0,64,1,0,0.29,1.0,1.0,0.296,0,0
1759873434,192.168.56.13,0.323,0.0,64,1,0,0.46,1.0,1.0,0.353,1,3
1759873434,192.168.56.11,0.271,0.0,64,1,1,1.46,1.0,0.0,0.747,0,1
1759873434,192.168.56.12,0.496,0.0,64,1,0,6.29,0.0,0.0,0.332,0,2
1759873464,192.168.56.13,0.34,0.0,64,1,0,0.45,1.0,1.0,0.311,1,3
1759873464,192.168.56.10,0.283,0.0,64,1,0,0.45,1.0,1.0,0.402,0,0
1759873464,192.168.56.11,0.289,0.0,64,1,1,1.64,1.0,0.0,1.035,0,1
1759873464,192.168.56.12,0.371,0.0,64,1,0,5.45,0.0,0.0,0.349,0,2
1759873493,192.168.56.10,0.403,0.0,64,1,0,0.48,1.0,1.0,0.283,0,0
1759873493,192.168.56.11,0.313,0.0,64,1,1,1.65,1.0,0.0,1.895,0,1
1759873493,192.168.56.13,0.446,0.0,64,1,0,0.46,1.0,1.0,0.271,1,3
1759873493,192.168.56.12,0.523,0.0,64,1,0,5.47,0.0,0.0,0.374,0,2
1759873522,192.168.56.13,0.39,0.0,64,1,0,0.5,1.0,1.0,0.356,1,3
1759873522,192.168.56.10,0.315,0.0,64,1,0,0.5,1.0,1.0,0.305,0,0
1759873522,192.168.56.11,0.319,0.0,64,1,1,1.68,1.0,0.0,0.679,0,1
1759873522,192.168.56.12,0.264,0.0,64,1,0,5.51,0.0,0.0,0.423,0,2
1759873551,192.168.56.10,0.32,0.0,64,1,0,0.4,1.0,1.0,0.326,0,0
1759873551,192.168.56.13,0.293,0.0,64,1,0,0.44,1.0,1.0,0.402,1,3
1759873551,192.168.56.11,0.285,0.0,64,1,1,1.6,1.0,0.0,0.788,0,1
1759873551,192.168.56.12,0.373,0.0,64,1,0,5.42,0.0,0.0,0.54,0,2
1759873580,192.168.56.10,0.316,0.0,64,1,0,0.41,1.0,1.0,0.403,0,0
1759873580,192.168.56.11,0.246,0.0,64,1,1,1.46,1.0,0.0,0.681,0,1
1759873580,192.168.56.13,0.33,0.0,64,1,0,0.29,1.0,1.0,0.303,1,3
1759873580,192.168.56.12,0.305,0.0,64,1,0,8.3,0.0,0.0,0.482,0,2
1759873612,192.168.56.10,0.307,0.0,64,1,0,0.31,1.0,1.0,0.405,0,0
1759873612,192.168.56.13,0.354,0.0,64,1,0,0.31,1.0,1.0,0.406,1,3
1759873612,192.168.56.11,0.312,0.0,64,1,1,1.49,1.0,0.0,0.743,0,1
1759873612,192.168.56.12,0.342,0.0,64,1,0,5.33,0.0,0.0,0.303,0,2
1759873641,192.168.56.13,0.324,0.0,64,1,0,0.65,1.0,1.0,0.329,1,3
1759873641,192.168.56.10,0.259,0.0,64,1,0,0.66,1.0,1.0,0.364,0,0
1759873641,192.168.56.11,0.254,0.0,64,1,1,1.83,1.0,0.0,1.188,0,1
1759873641,192.168.56.12,0.234,0.0,64,1,0,5.64,0.0,0.0,0.538,0,2
1759873670,192.168.56.10,0.297,0.0,64,1,0,0.38,1.0,1.0,0.302,0,0
1759873670,192.168.56.11,0.348,0.0,64,1,1,1.57,1.0,0.0,0.75,0,1
1759873670,192.168.56.13,0.315,0.0,64,1,0,0.39,1.0,1.0,0.263,1,3
1759873670,192.168.56.12,0.315,0.0,64,1,0,5.41,0.0,0.0,0.698,0,2
1759873699,192.168.56.13,0.327,0.0,64,1,0,0.36,1.0,1.0,0.313,1,3
1759873699,192.168.56.10,0.269,0.0,64,1,0,0.36,1.0,1.0,0.313,0,0
1759873699,192.168.56.11,0.202,0.0,64,1,1,1.52,1.0,0.0,1.137,0,1
1759873699,192.168.56.12,0.408,0.0,64,1,0,5.34,0.0,0.0,0.476,0,2
1759873728,192.168.56.10,0.272,0.0,64,1,0,0.26,1.0,1.0,0.479,0,0
1759873728,192.168.56.13,0.281,0.0,64,1,0,0.28,1.0,1.0,0.301,1,3
1759873728,192.168.56.11,0.266,0.0,64,1,1,1.46,1.0,0.0,0.979,0,1
1759873728,192.168.56.12,0.388,0.0,64,1,0,5.32,0.0,0.0,0.354,0,2
1759873757,192.168.56.10,0.327,0.0,64,1,0,0.36,1.0,1.0,0.32,0,0
1759873757,192.168.56.11,0.287,0.0,64,1,1,1.51,1.0,0.0,1.561,0,1
1759873757,192.168.56.13,0.289,0.0,64,1,0,0.27,1.0,1.0,0.389,1,3
1759873757,192.168.56.12,0.365,0.0,64,1,0,5.31,0.0,0.0,1017.001,0,2
1759873787,192.168.56.13,0.301,0.0,64,1,0,0.25,1.0,1.0,0.327,1,3
1759873787,192.168.56.10,0.328,0.0,64,1,0,0.27,1.0,1.0,0.359,0,0
1759873787,192.168.56.11,0.243,0.0,64,1,1,1.48,1.0,0.0,0.678,0,1
1759873787,192.168.56.12,0.522,0.0,64,1,0,5.32,0.0,0.0,0.381,0,2
1759873815,192.168.56.13,0.327,0.0,64,1,0,0.32,1.0,1.0,0.393,1,3
1759873815,192.168.56.10,0.283,0.0,64,1,0,0.34,1.0,1.0,0.294,0,0
1759873815,192.168.56.11,0.326,0.0,64,1,1,1.53,1.0,0.0,1.434,0,1
1759873815,192.168.56.12,0.333,0.0,64,1,0,5.44,0.0,0.0,0.377,0,2
1759873844,192.168.56.10,0.298,0.0,64,1,0,0.36,1.0,1.0,0.37,0,0
1759873844,192.168.56.11,0.332,0.0,64,1,1,1.42,1.0,0.0,0.669,0,1
1759873844,192.168.56.13,0.297,0.0,64,1,0,0.24,1.0,1.0,0.331,1,3
1759873844,192.168.56.12,0.329,0.0,64,1,0,5.28,0.0,0.0,0.338,0,2
1759873873,192.168.56.10,0.376,0.0,64,1,0,0.29,1.0,1.0,0.547,0,0
1759873873,192.168.56.13,0.29,0.0,64,1,0,0.34,1.0,1.0,0.353,1,3
1759873873,192.168.56.11,0.329,0.0,64,1,1,1.5,1.0,0.0,1.085,0,1
1759873873,192.168.56.12,0.471,0.0,64,1,0,5.32,0.0,0.0,0.361,0,2
1759873902,192.168.56.13,0.334,0.0,64,1,0,0.45,1.0,1.0,0.305,1,3
1759873902,192.168.56.10,0.261,0.0,64,1,0,0.47,1.0,1.0,0.451,0,0
1759873902,192.168.56.11,0.278,0.0,64,1,1,1.66,1.0,0.0,0.702,0,1
1759873902,192.168.56.12,0.304,0.0,64,1,0,5.46,0.0,0.0,0.388,0,2
1759873931,192.168.56.10,0.307,0.0,64,1,0,0.52,1.0,1.0,0.356,0,0
1759873931,192.168.56.11,0.235,0.0,64,1,1,1.74,1.0,0.0,0.653,0,1
1759873931,192.168.56.13,0.272,0.0,64,1,0,0.54,1.0,1.0,0.298,1,3
1759873931,192.168.56.12,1.002,0.0,64,1,0,9.27,0.0,0.0,1013.164,0,2
1759873964,192.168.56.13,0.331,0.0,64,1,0,0.27,1.0,1.0,0.315,1,3
1759873964,192.168.56.10,0.222,0.0,64,1,0,0.27,1.0,1.0,0.271,0,0
1759873964,192.168.56.11,0.284,0.0,64,1,1,1.44,1.0,0.0,1.274,0,1
1759873964,192.168.56.12,0.314,0.0,64,1,0,5.29,0.0,0.0,0.439,0,2
1759873992,192.168.56.10,0.251,0.0,64,1,0,0.74,1.0,1.0,0.324,0,0
1759873992,192.168.56.13,0.315,0.0,64,1,0,1.0,1.0,1.0,0.443,1,3
1759873992,192.168.56.11,0.236,0.0,64,1,1,1.93,1.0,0.0,0.619,0,1
1759873992,192.168.56.12,0.394,0.0,64,1,0,5.77,0.0,0.0,0.468,0,2
1759874022,192.168.56.10,0.25,0.0,64,1,0,0.39,1.0,1.0,0.371,0,0
1759874022,192.168.56.11,0.243,0.0,64,1,1,1.54,1.0,0.0,0.737,0,1
1759874022,192.168.56.13,0.325,0.0,64,1,0,0.39,1.0,1.0,0.373,1,3
1759874022,192.168.56.12,0.234,0.0,64,1,0,5.36,0.0,0.0,0.399,0,2
1759874051,192.168.56.10,0.315,0.0,64,1,0,0.59,1.0,1.0,0.348,0,0
1759874051,192.168.56.13,0.324,0.0,64,1,0,0.61,1.0,1.0,0.287,1,3
1759874051,192.168.56.11,0.317,0.0,64,1,1,1.8,1.0,0.0,0.78,0,1
1759874051,192.168.56.12,0.354,0.0,64,1,0,5.62,0.0,0.0,0.624,0,2
1759874080,192.168.56.13,0.371,0.0,64,1,0,0.3,1.0,1.0,0.34,1,3
1759874080,192.168.56.10,0.333,0.0,64,1,0,0.31,1.0,1.0,0.571,0,0
1759874080,192.168.56.11,0.296,0.0,64,1,1,1.47,1.0,0.0,0.75,0,1
1759874080,192.168.56.12,0.415,0.0,64,1,0,5.34,0.0,0.0,0.29,0,2
1759874109,192.168.56.10,0.283,0.0,64,1,0,7.62,1.0,1.0,0.32,0,0
1759874109,192.168.56.11,0.309,0.0,64,1,1,8.79,1.0,0.0,0.934,0,1
1759874109,192.168.56.13,0.381,0.0,64,1,0,7.61,1.0,1.0,0.364,1,3
1759874109,192.168.56.12,0.517,0.0,64,1,0,12.64,0.0,0.0,0.442,0,2
1759874146,192.168.56.13,0.289,0.0,64,1,0,0.75,1.0,1.0,0.353,1,3
1759874146,192.168.56.10,0.343,0.0,64,1,0,0.77,1.0,1.0,0.336,0,0
1759874146,192.168.56.11,0.289,0.0,64,1,1,3.0,1.0,0.0,1.282,0,1
1759874146,192.168.56.12,0.39,0.0,64,1,0,5.79,0.0,0.0,0.39,0,2
1759874175,192.168.56.10,0.281,0.0,64,1,0,13.29,1.0,1.0,0.312,0,0
1759874175,192.168.56.11,0.283,0.0,64,1,1,14.49,1.0,0.0,0.838,0,1
1759874175,192.168.56.13,0.291,0.0,64,1,0,13.27,1.0,1.0,0.491,1,3
1759874175,192.168.56.12,0.371,0.0,64,1,0,18.29,0.0,0.0,0.372,0,2
1759874217,192.168.56.13,0.224,0.0,64,1,0,1.08,1.0,1.0,0.333,1,3
1759874217,192.168.56.10,0.251,0.0,64,1,0,1.1,1.0,1.0,0.31,0,0
1759874217,192.168.56.11,0.288,0.0,64,1,1,2.28,1.0,0.0,0.73,0,1
1759874217,192.168.56.12,0.268,0.0,64,1,0,6.15,0.0,0.0,0.591,0,2
1759874247,192.168.56.13,0.333,0.0,64,1,0,3.24,1.0,1.0,0.267,1,3
1759874247,192.168.56.10,0.345,0.0,64,1,0,3.28,1.0,1.0,0.341,0,0
1759874247,192.168.56.11,0.301,0.0,64,1,1,4.48,1.0,0.0,0.896,0,1
1759874247,192.168.56.12,0.419,0.0,64,1,0,10.26,0.0,0.0,1012.603,0,2
1759874282,192.168.56.10,0.231,0.0,64,1,0,3.65,1.0,1.0,0.314,0,0
1759874282,192.168.56.11,0.284,0.0,64,1,1,4.83,1.0,0.0,1.075,0,1
1759874282,192.168.56.13,0.309,0.0,64,1,0,3.65,1.0,1.0,0.423,1,3
1759874282,192.168.56.12,0.364,0.0,64,1,0,9.32,0.0,0.0,0.352,0,2
1759874315,192.168.56.13,0.276,0.0,64,1,0,0.49,1.0,1.0,0.332,1,3
1759874315,192.168.56.10,0.308,0.0,64,1,0,0.51,1.0,1.0,0.314,0,0
1759874315,192.168.56.11,0.356,0.0,64,1,1,1.66,1.0,0.0,1.158,0,1
1759874315,192.168.56.12,0.321,0.0,64,1,0,5.47,0.0,0.0,0.377,0,2
1759874344,192.168.56.13,0.28,0.0,64,1,0,1.83,1.0,1.0,0.374,1,3
1759874344,192.168.56.10,0.292,0.0,64,1,0,1.96,1.0,1.0,0.377,0,0
1759874344,192.168.56.11,0.308,0.0,64,1,1,3.16,1.0,0.0,0.774,0,1
1759874344,192.168.56.12,0.391,0.0,64,1,0,6.98,0.0,0.0,0.405,0,2
1759874375,192.168.56.10,0.226,0.0,64,1,0,13.28,1.0,1.0,0.341,0,0
1759874375,192.168.56.11,0.219,0.0,64,1,1,14.47,1.0,0.0,0.67,0,1
1759874375,192.168.56.13,0.239,0.0,64,1,0,13.29,1.0,1.0,0.345,1,3
1759874375,192.168.56.12,0.338,0.0,64,1,0,18.3,0.0,0.0,0.415,0,2
1759874417,192.168.56.10,0.227,0.0,64,1,0,0.26,1.0,1.0,0.352,0,0
1759874417,192.168.56.13,0.239,0.0,64,1,0,0.27,1.0,1.0,0.371,1,3
1759874417,192.168.56.11,0.237,0.0,64,1,1,1.53,1.0,0.0,0.731,0,1
1759874417,192.168.56.12,0.315,0.0,64,1,0,6.16,0.0,0.0,0.346,0,2
1759874446,192.168.56.13,0.28,0.0,64,1,0,2.64,1.0,1.0,0.298,1,3
1759874446,192.168.56.10,0.295,0.0,64,1,0,2.66,1.0,1.0,0.324,0,0
1759874446,192.168.56.11,0.217,0.0,64,1,1,3.85,1.0,0.0,0.976,0,1
1759874446,192.168.56.12,0.322,0.0,64,1,0,7.68,0.0,0.0,0.337,0,2
1759874478,192.168.56.10,0.263,0.0,64,1,0,1.12,1.0,1.0,0.337,0,0
1759874478,192.168.56.11,0.323,0.0,64,1,1,2.34,1.0,0.0,0.869,0,1
1759874478,192.168.56.13,0.288,0.0,64,1,0,1.17,1.0,1.0,0.324,1,3
1759874478,192.168.56.12,0.288,0.0,64,1,0,6.15,0.0,0.0,0.511,0,2
1759874507,192.168.56.10,0.446,0.0,64,1,0,0.31,1.0,1.0,0.343,0,0
1759874507,192.168.56.13,0.356,0.0,64,1,0,0.3,1.0,1.0,0.38,1,3
1759874507,192.168.56.11,0.379,0.0,64,1,1,1.48,1.0,0.0,0.736,0,1
1759874507,192.168.56.12,0.366,0.0,64,1,0,5.29,0.0,0.0,0.332,0,2
1759874536,192.168.56.10,0.315,0.0,64,1,0,13.27,1.0,1.0,0.272,0,0
1759874536,192.168.56.11,0.242,0.0,64,1,1,14.41,1.0,0.0,0.7,0,1
1759874536,192.168.56.13,0.292,0.0,64,1,0,13.3,1.0,1.0,0.368,1,3
1759874536,192.168.56.12,0.344,0.0,64,1,0,18.29,0.0,0.0,0.536,0,2
1759874579,192.168.56.13,0.307,0.0,64,1,0,2.1,1.0,1.0,0.342,1,3
1759874579,192.168.56.10,0.29,0.0,64,1,0,2.12,1.0,1.0,0.334,0,0
1759874579,192.168.56.11,0.283,0.0,64,1,1,3.3,1.0,0.0,0.741,0,1
1759874579,192.168.56.12,0.312,0.0,64,1,0,7.13,0.0,0.0,0.553,0,2
1759874611,192.168.56.10,0.428,0.0,64,1,0,6.29,1.0,1.0,0.493,0,0
1759874611,192.168.56.11,0.267,0.0,64,1,1,7.53,1.0,0.0,0.953,0,1
1759874611,192.168.56.13,0.277,0.0,64,1,0,6.3,1.0,1.0,0.378,1,3
1759874611,192.168.56.12,0.386,0.0,64,1,0,11.32,0.0,0.0,0.46,0,2
1759874647,192.168.56.13,0.388,0.0,64,1,0,2.21,1.0,1.0,0.315,1,3
1759874647,192.168.56.10,0.328,0.0,64,1,0,2.46,1.0,1.0,0.347,0,0
1759874647,192.168.56.11,0.309,0.0,64,1,1,3.48,1.0,0.0,1.082,0,1
1759874647,192.168.56.12,0.373,0.0,64,1,0,7.31,0.0,0.0,0.366,0,2
1759874678,192.168.56.13,0.35,0.0,64,1,0,0.69,1.0,1.0,0.388,1,3
1759874678,192.168.56.10,0.326,0.0,64,1,0,0.66,1.0,1.0,0.317,0,0
1759874678,192.168.56.11,0.369,0.0,64,1,1,1.85,1.0,0.0,1.733,0,1
1759874678,192.168.56.12,0.338,0.0,64,1,0,5.68,0.0,0.0,0.518,0,2
1759874708,192.168.56.10,0.279,0.0,64,1,0,0.31,1.0,1.0,0.358,0,0
1759874708,192.168.56.11,0.245,0.0,64,1,1,1.58,1.0,0.0,0.864,0,1
1759874708,192.168.56.13,0.277,0.0,64,1,0,0.32,1.0,1.0,0.315,1,3
1759874708,192.168.56.12,0.314,0.0,64,1,0,5.37,0.0,0.0,0.331,0,2
1759874737,192.168.56.13,0.369,0.0,64,1,0,0.34,1.0,1.0,0.286,1,3
1759874737,192.168.56.10,0.227,0.0,64,1,0,0.43,1.0,1.0,0.359,0,0
1759874737,192.168.56.11,0.308,0.0,64,1,1,1.53,1.0,0.0,0.759,0,1
1759874737,192.168.56.12,0.414,0.0,64,1,0,5.36,0.0,0.0,0.548,0,2
1759874765,192.168.56.10,0.271,0.0,64,1,0,2.22,1.0,1.0,0.424,0,0
1759874765,192.168.56.11,0.252,0.0,64,1,1,3.4,1.0,0.0,0.838,0,1
1759874765,192.168.56.13,0.328,0.0,64,1,0,5.91,1.0,1.0,0.36,1,3
1759874765,192.168.56.12,0.384,0.0,64,1,0,10.94,0.0,0.0,0.387,0,2
1759874800,192.168.56.10,0.279,0.0,64,1,0,0.33,1.0,1.0,0.275,0,0
1759874800,192.168.56.11,0.349,0.0,64,1,1,1.53,1.0,0.0,0.926,0,1
1759874800,192.168.56.13,0.294,0.0,64,1,0,0.33,1.0,1.0,0.306,1,3
1759874800,192.168.56.12,0.493,0.0,64,1,0,5.4,0.0,0.0,0.367,0,2
1759874829,192.168.56.13,0.223,0.0,64,1,0,0.36,1.0,1.0,0.361,1,3
1759874829,192.168.56.10,0.238,0.0,64,1,0,0.46,1.0,1.0,0.285,0,0
1759874829,192.168.56.11,0.291,0.0,64,1,1,1.52,1.0,0.0,0.702,0,1
1759874829,192.168.56.12,0.29,0.0,64,1,0,5.95,0.0,0.0,1020.643,0,2
1759874858,192.168.56.10,0.341,0.0,64,1,0,0.86,1.0,1.0,0.277,0,0
1759874858,192.168.56.13,0.273,0.0,64,1,0,1.51,1.0,1.0,0.346,1,3
1759874858,192.168.56.11,0.283,0.0,64,1,1,2.02,1.0,0.0,1.245,0,1
1759874858,192.168.56.12,0.468,0.0,64,1,0,5.86,0.0,0.0,0.425,0,2
1759874888,192.168.56.10,0.254,0.0,64,1,0,4.72,1.0,1.0,0.342,0,0
1759874888,192.168.56.11,0.29,0.0,64,1,1,5.87,1.0,0.0,0.876,0,1
1759874888,192.168.56.13,0.256,0.0,64,1,0,4.7,1.0,1.0,0.327,1,3
1759874888,192.168.56.12,0.339,0.0,64,1,0,9.72,0.0,0.0,0.489,0,2
1759874921,192.168.56.13,0.314,0.0,64,1,0,1.52,1.0,1.0,0.367,1,3
1759874921,192.168.56.10,0.323,0.0,64,1,0,1.52,1.0,1.0,0.331,0,0
1759874921,192.168.56.11,0.243,0.0,64,1,1,2.7,1.0,0.0,1.247,0,1
1759874921,192.168.56.12,0.377,0.0,64,1,0,6.54,0.0,0.0,0.343,0,2
1759874951,192.168.56.10,0.331,0.0,64,1,0,0.26,1.0,1.0,0.441,0,0
1759874951,192.168.56.13,0.288,0.0,64,1,0,0.31,1.0,1.0,0.307,1,3
1759874951,192.168.56.11,0.258,0.0,64,1,1,1.49,1.0,0.0,0.941,0,1
1759874951,192.168.56.12,0.317,0.0,64,1,0,5.95,0.0,0.0,1021.608,0,2
1759874981,192.168.56.10,0.286,0.0,64,1,0,0.34,1.0,1.0,0.384,0,0
1759874981,192.168.56.11,0.252,0.0,64,1,1,1.75,1.0,0.0,0.756,0,1
1759874981,192.168.56.13,0.302,0.0,64,1,0,0.32,1.0,1.0,0.4,1,3
1759874981,192.168.56.12,0.362,0.0,64,1,0,5.93,0.0,0.0,1013.056,0,2
1759875010,192.168.56.13,0.213,0.0,64,1,0,0.26,1.0,1.0,0.459,1,3
1759875010,192.168.56.10,0.28,0.0,64,1,0,0.29,1.0,1.0,0.393,0,0
1759875010,192.168.56.11,0.27,0.0,64,1,1,1.45,1.0,0.0,0.776,0,1
1759875010,192.168.56.12,0.337,0.0,64,1,0,5.3,0.0,0.0,0.663,0,2
1759875039,192.168.56.10,0.302,0.0,64,1,0,0.35,1.0,1.0,0.32,0,0
1759875039,192.168.56.13,0.253,0.0,64,1,0,0.44,1.0,1.0,0.535,1,3
1759875039,192.168.56.11,0.343,0.0,64,1,1,1.54,1.0,0.0,0.7,0,1
1759875039,192.168.56.12,0.268,0.0,64,1,0,5.42,0.0,0.0,0.334,0,2
1759875068,192.168.56.10,0.243,0.0,64,1,0,0.26,1.0,1.0,0.297,0,0
1759875068,192.168.56.11,0.248,0.0,64,1,1,1.48,1.0,0.0,0.738,0,1
1759875068,192.168.56.13,0.294,0.0,64,1,0,0.26,1.0,1.0,0.287,1,3
1759875068,192.168.56.12,0.314,0.0,64,1,0,6.66,0.0,0.0,1036.201,0,2
1759875099,192.168.56.10,0.233,0.0,64,1,0,0.31,1.0,1.0,0.393,0,0
1759875099,192.168.56.13,0.254,0.0,64,1,0,0.36,1.0,1.0,0.537,1,3
1759875099,192.168.56.11,0.283,0.0,64,1,1,1.58,1.0,0.0,0.8,0,1
1759875099,192.168.56.12,0.327,0.0,64,1,0,5.29,0.0,0.0,0.595,0,2
1759875128,192.168.56.10,0.409,0.0,64,1,0,0.27,1.0,1.0,0.265,0,0
1759875128,192.168.56.13,0.275,0.0,64,1,0,0.32,1.0,1.0,0.377,1,3
1759875128,192.168.56.11,0.261,0.0,64,1,1,1.5,1.0,0.0,0.99,0,1
1759875128,192.168.56.12,0.417,0.0,64,1,0,5.32,0.0,0.0,0.582,0,2
1759875157,192.168.56.10,0.29,0.0,64,1,0,0.3,1.0,1.0,0.493,0,0
1759875157,192.168.56.11,0.405,0.0,64,1,1,1.64,1.0,0.0,0.65,0,1
1759875157,192.168.56.13,0.35,0.0,64,1,0,0.3,1.0,1.0,0.326,1,3
1759875157,192.168.56.12,0.347,0.0,64,1,0,5.36,0.0,0.0,0.363,0,2
1759875186,192.168.56.13,0.325,0.0,64,1,0,0.33,1.0,1.0,0.315,1,3
1759875186,192.168.56.10,0.296,0.0,64,1,0,0.34,1.0,1.0,0.294,0,0
1759875186,192.168.56.11,0.322,0.0,64,1,1,1.52,1.0,0.0,0.861,0,1
1759875186,192.168.56.12,0.346,0.0,64,1,0,5.36,0.0,0.0,0.592,0,2
1759875214,192.168.56.10,0.285,0.0,64,1,0,0.43,1.0,1.0,0.309,0,0
1759875214,192.168.56.13,0.363,0.0,64,1,0,0.53,1.0,1.0,0.364,1,3
1759875214,192.168.56.11,0.403,0.0,64,1,1,1.64,1.0,0.0,0.781,0,1
1759875214,192.168.56.12,0.383,0.0,64,1,0,5.56,0.0,0.0,0.41,0,2
1759875244,192.168.56.10,0.278,0.0,64,1,0,0.7,1.0,1.0,0.343,0,0
1759875244,192.168.56.11,0.272,0.0,64,1,1,2.06,1.0,0.0,1.149,0,1
1759875244,192.168.56.13,0.269,0.0,64,1,0,0.7,1.0,1.0,0.371,1,3
1759875244,192.168.56.12,0.334,0.0,64,1,0,5.92,0.0,0.0,0.464,0,2
1759875273,192.168.56.13,0.256,0.0,64,1,0,0.27,1.0,1.0,0.381,1,3
1759875273,192.168.56.10,0.308,0.0,64,1,0,0.28,1.0,1.0,0.374,0,0
1759875273,192.168.56.11,0.252,0.0,64,1,1,1.45,1.0,0.0,1.464,0,1
1759875273,192.168.56.12,0.347,0.0,64,1,0,5.29,0.0,0.0,0.375,0,2
1759875302,192.168.56.10,0.243,0.0,64,1,0,0.4,1.0,1.0,0.459,0,0
1759875302,192.168.56.13,0.309,0.0,64,1,0,0.42,1.0,1.0,0.312,1,3
1759875302,192.168.56.11,0.322,0.0,64,1,1,1.48,1.0,0.0,1.187,0,1
1759875302,192.168.56.12,0.346,0.0,64,1,0,5.41,0.0,0.0,0.557,0,2
1759875331,192.168.56.10,0.325,0.0,64,1,0,0.29,1.0,1.0,0.347,0,0
1759875331,192.168.56.11,0.33,0.0,64,1,1,1.49,1.0,0.0,1.222,0,1
1759875331,192.168.56.13,0.323,0.0,64,1,0,0.3,1.0,1.0,0.351,1,3
1759875331,192.168.56.12,0.359,0.0,64,1,0,5.31,0.0,0.0,0.387,0,2
1759875360,192.168.56.13,0.279,0.0,64,1,0,0.32,1.0,1.0,0.365,1,3
1759875360,192.168.56.10,0.244,0.0,64,1,0,0.3,1.0,1.0,0.378,0,0
1759875360,192.168.56.11,0.325,0.0,64,1,1,1.46,1.0,0.0,0.758,0,1
1759875360,192.168.56.12,0.4,0.0,64,1,0,5.27,0.0,0.0,0.313,0,2
1759875388,192.168.56.13,0.279,0.0,64,1,0,0.62,1.0,1.0,0.304,1,3
1759875388,192.168.56.10,0.252,0.0,64,1,0,0.62,1.0,1.0,0.295,0,0
1759875388,192.168.56.11,0.236,0.0,64,1,1,1.83,1.0,0.0,0.797,0,1
1759875388,192.168.56.12,0.498,0.0,64,1,0,6.68,0.0,0.0,0.43,0,2
1759875419,192.168.56.10,0.31,0.0,64,1,0,0.33,1.0,1.0,0.475,0,0
1759875419,192.168.56.11,0.25,0.0,64,1,1,1.52,1.0,0.0,0.919,0,1
1759875419,192.168.56.13,0.311,0.0,64,1,0,0.3,1.0,1.0,0.485,1,3
1759875419,192.168.56.12,0.332,0.0,64,1,0,5.32,0.0,0.0,0.426,0,2
1759875448,192.168.56.10,0.292,0.0,64,1,0,0.27,1.0,1.0,0.406,0,0
1759875448,192.168.56.13,0.322,0.0,64,1,0,0.29,1.0,1.0,0.354,1,3
1759875448,192.168.56.11,0.312,0.0,64,1,1,1.47,1.0,0.0,0.769,0,1
1759875448,192.168.56.12,0.42,0.0,64,1,0,5.32,0.0,0.0,0.414,0,2
1759875476,192.168.56.13,0.268,0.0,64,1,0,0.36,1.0,1.0,0.259,1,3
1759875476,192.168.56.10,0.286,0.0,64,1,0,0.37,1.0,1.0,0.311,0,0
1759875476,192.168.56.11,0.246,0.0,64,1,1,1.44,1.0,0.0,1.064,0,1
1759875476,192.168.56.12,0.363,0.0,64,1,0,5.25,0.0,0.0,0.388,0,2
1759875505,192.168.56.10,0.224,0.0,64,1,0,0.26,1.0,1.0,0.497,0,0
1759875505,192.168.56.11,0.282,0.0,64,1,1,1.44,1.0,0.0,0.676,0,1
1759875505,192.168.56.13,0.266,0.0,64,1,0,0.25,1.0,1.0,0.391,1,3
1759875505,192.168.56.12,0.319,0.0,64,1,0,5.3,0.0,0.0,0.496,0,2
1759875534,192.168.56.10,0.293,0.0,64,1,0,0.38,1.0,1.0,0.314,0,0
1759875534,192.168.56.13,0.334,0.0,64,1,0,0.37,1.0,1.0,0.327,1,3
1759875534,192.168.56.11,0.24,0.0,64,1,1,1.56,1.0,0.0,0.78,0,1
1759875534,192.168.56.12,0.347,0.0,64,1,0,5.35,0.0,0.0,0.357,0,2
1759875563,192.168.56.13,0.313,0.0,64,1,0,0.46,1.0,1.0,0.305,1,3
1759875563,192.168.56.10,0.243,0.0,64,1,0,0.51,1.0,1.0,0.256,0,0
1759875563,192.168.56.11,0.371,0.0,64,1,1,1.45,1.0,0.0,0.796,0,1
1759875563,192.168.56.12,0.344,0.0,64,1,0,5.33,0.0,0.0,0.327,0,2
1759875592,192.168.56.10,0.282,0.0,64,1,0,0.29,1.0,1.0,0.323,0,0
1759875592,192.168.56.11,0.288,0.0,64,1,1,1.48,1.0,0.0,0.948,0,1
1759875592,192.168.56.13,0.304,0.0,64,1,0,0.33,1.0,1.0,0.32,1,3
1759875592,192.168.56.12,0.388,0.0,64,1,0,5.31,0.0,0.0,0.352,0,2
1759875621,192.168.56.10,0.259,0.0,64,1,0,0.28,1.0,1.0,0.313,0,0
1759875621,192.168.56.13,0.244,0.0,64,1,0,0.29,1.0,1.0,0.323,1,3
1759875621,192.168.56.11,0.259,0.0,64,1,1,1.65,1.0,0.0,0.857,0,1
1759875621,192.168.56.12,0.418,0.0,64,1,0,5.5,0.0,0.0,0.372,0,2
1759875650,192.168.56.13,0.319,0.0,64,1,0,0.56,1.0,1.0,0.356,1,3
1759875650,192.168.56.10,0.415,0.0,64,1,0,0.9,1.0,1.0,0.385,0,0
1759875650,192.168.56.11,0.322,0.0,64,1,1,1.83,1.0,0.0,1.035,0,1
1759875650,192.168.56.12,0.418,0.0,64,1,0,5.59,0.0,0.0,0.718,0,2
1759875679,192.168.56.10,0.214,0.0,64,1,0,0.26,1.0,1.0,0.312,0,0
1759875679,192.168.56.11,0.243,0.0,64,1,1,1.49,1.0,0.0,1.026,0,1
1759875679,192.168.56.13,0.229,0.0,64,1,0,0.26,1.0,1.0,0.401,1,3
1759875679,192.168.56.12,0.318,0.0,64,1,0,5.9,0.0,0.0,1012.814,0,2
1759875708,192.168.56.13,0.263,0.0,64,1,0,0.31,1.0,1.0,0.285,1,3
1759875708,192.168.56.10,0.22,0.0,64,1,0,0.32,1.0,1.0,0.298,0,0
1759875708,192.168.56.11,0.308,0.0,64,1,1,1.47,1.0,0.0,0.649,0,1
1759875708,192.168.56.12,0.341,0.0,64,1,0,5.32,0.0,0.0,0.506,0,2
1759875737,192.168.56.13,0.28,0.0,64,1,0,0.32,1.0,1.0,0.296,1,3
1759875737,192.168.56.10,0.238,0.0,64,1,0,0.37,1.0,1.0,0.442,0,0
1759875737,192.168.56.11,0.258,0.0,64,1,1,1.55,1.0,0.0,1.319,0,1
1759875737,192.168.56.12,0.275,0.0,64,1,0,5.91,0.0,0.0,0.37,0,2
1759875767,192.168.56.10,0.299,0.0,64,1,0,0.36,1.0,1.0,0.32,0,0
1759875767,192.168.56.11,0.278,0.0,64,1,1,1.52,1.0,0.0,0.744,0,1
1759875767,192.168.56.13,0.285,0.0,64,1,0,0.37,1.0,1.0,0.306,1,3
1759875767,192.168.56.12,0.455,0.0,64,1,0,5.44,0.0,0.0,0.337,0,2
1759875796,192.168.56.13,0.291,0.0,64,1,0,0.39,1.0,1.0,0.32,1,3
1759875796,192.168.56.10,0.256,0.0,64,1,0,0.38,1.0,1.0,0.451,0,0
1759875796,192.168.56.11,0.326,0.0,64,1,1,1.59,1.0,0.0,0.843,0,1
1759875796,192.168.56.12,0.365,0.0,64,1,0,5.43,0.0,0.0,0.361,0,2
1759875825,192.168.56.13,0.24,0.0,64,1,0,0.41,1.0,1.0,0.277,1,3
1759875825,192.168.56.10,0.255,0.0,64,1,0,0.42,1.0,1.0,0.447,0,0
1759875825,192.168.56.11,0.303,0.0,64,1,1,1.57,1.0,0.0,0.689,0,1
1759875825,192.168.56.12,0.391,0.0,64,1,0,5.41,0.0,0.0,0.465,0,2
1759875854,192.168.56.10,0.339,0.0,64,1,0,1.66,1.0,1.0,0.314,0,0
1759875854,192.168.56.11,1.015,0.0,64,1,1,2.88,1.0,0.0,0.857,0,1
1759875854,192.168.56.13,0.388,0.0,64,1,0,1.66,1.0,1.0,0.323,1,3
1759875854,192.168.56.12,0.75,0.0,64,1,0,7.29,0.0,0.0,0.358,0,2
1759875886,192.168.56.13,0.315,0.0,64,1,0,0.5,1.0,1.0,0.404,1,3
1759875886,192.168.56.10,0.301,0.0,64,1,0,0.49,1.0,1.0,0.439,0,0
1759875886,192.168.56.11,0.295,0.0,64,1,1,1.74,1.0,0.0,0.934,0,1
1759875886,192.168.56.12,0.326,0.0,64,1,0,5.62,0.0,0.0,0.351,0,2
1759875915,192.168.56.13,0.253,0.0,64,1,0,0.32,1.0,1.0,0.342,1,3
1759875915,192.168.56.10,0.313,0.0,64,1,0,0.38,1.0,1.0,0.397,0,0
1759875915,192.168.56.11,0.328,0.0,64,1,1,1.51,1.0,0.0,0.82,0,1
1759875915,192.168.56.12,0.388,0.0,64,1,0,5.38,0.0,0.0,0.721,0,2
1759875944,192.168.56.10,0.24,0.0,64,1,0,2.54,1.0,1.0,0.321,0,0
1759875944,192.168.56.11,0.292,0.0,64,1,1,3.74,1.0,0.0,0.671,0,1
1759875944,192.168.56.13,0.241,0.0,64,1,0,2.56,1.0,1.0,0.312,1,3
1759875944,192.168.56.12,0.254,0.0,64,1,0,7.57,0.0,0.0,0.454,0,2
1759875975,192.168.56.13,0.263,0.0,64,1,0,2.36,1.0,1.0,0.354,1,3
1759875975,192.168.56.10,0.257,0.0,64,1,0,2.38,1.0,1.0,0.362,0,0
1759875975,192.168.56.11,0.257,0.0,64,1,1,3.51,1.0,0.0,1.251,0,1
1759875975,192.168.56.12,0.283,0.0,64,1,0,8.38,0.0,0.0,0.348,0,2
1759876007,192.168.56.10,0.238,0.0,64,1,0,0.3,1.0,1.0,0.492,0,0
1759876007,192.168.56.13,0.269,0.0,64,1,0,0.33,1.0,1.0,0.305,1,3
1759876007,192.168.56.11,0.261,0.0,64,1,1,1.48,1.0,0.0,0.82,0,1
1759876007,192.168.56.12,0.279,0.0,64,1,0,5.31,0.0,0.0,0.502,0,2
1759876036,192.168.56.10,0.301,0.0,64,1,0,4.33,1.0,1.0,0.299,0,0
1759876036,192.168.56.11,0.288,0.0,64,1,1,5.52,1.0,0.0,0.941,0,1
1759876036,192.168.56.13,0.291,0.0,64,1,0,1.18,1.0,1.0,0.292,1,3
1759876036,192.168.56.12,0.337,0.0,64,1,0,9.34,0.0,0.0,1005.088,0,2
1759876070,192.168.56.13,0.314,0.0,64,1,0,1.33,1.0,1.0,0.343,1,3
1759876070,192.168.56.10,0.331,0.0,64,1,0,1.34,1.0,1.0,0.362,0,0
1759876070,192.168.56.11,0.242,0.0,64,1,1,2.52,1.0,0.0,0.812,0,1
1759876070,192.168.56.12,0.321,0.0,64,1,0,6.36,0.0,0.0,0.417,0,2
1759876100,192.168.56.13,0.345,0.0,64,1,0,0.28,1.0,1.0,0.324,1,3
1759876100,192.168.56.10,0.256,0.0,64,1,0,0.28,1.0,1.0,0.324,0,0
1759876100,192.168.56.11,0.248,0.0,64,1,1,1.45,1.0,0.0,1.054,0,1
1759876100,192.168.56.12,0.309,0.0,64,1,0,5.87,0.0,0.0,1011.654,0,2
1759876129,192.168.56.10,0.297,0.0,64,1,0,0.32,1.0,1.0,0.551,0,0
1759876129,192.168.56.11,0.319,0.0,64,1,1,1.62,1.0,0.0,1.148,0,1
1759876129,192.168.56.13,0.308,0.0,64,1,0,0.34,1.0,1.0,0.42,1,3
1759876129,192.168.56.12,0.303,0.0,64,1,0,5.36,0.0,0.0,0.604,0,2
1759876158,192.168.56.13,0.315,0.0,64,1,0,0.27,1.0,1.0,0.286,1,3
1759876158,192.168.56.10,0.278,0.0,64,1,0,0.31,1.0,1.0,0.325,0,0
1759876158,192.168.56.11,0.272,0.0,64,1,1,1.47,1.0,0.0,0.942,0,1
1759876158,192.168.56.12,0.323,0.0,64,1,0,5.3,0.0,0.0,0.588,0,2
1759876187,192.168.56.13,0.276,0.0,64,1,0,0.33,1.0,1.0,0.288,1,3
1759876187,192.168.56.10,0.329,0.0,64,1,0,0.39,1.0,1.0,0.288,0,0
1759876187,192.168.56.11,0.277,0.0,64,1,1,1.48,1.0,0.0,2.982,0,1
1759876187,192.168.56.12,0.392,0.0,64,1,0,5.38,0.0,0.0,0.642,0,2
1759876216,192.168.56.10,0.311,0.0,64,1,0,0.88,1.0,1.0,0.421,0,0
1759876216,192.168.56.11,0.28,0.0,64,1,1,2.04,1.0,0.0,0.81,0,1
1759876216,192.168.56.13,0.287,0.0,64,1,0,0.89,1.0,1.0,0.38,1,3
1759876216,192.168.56.12,0.415,0.0,64,1,0,7.12,0.0,0.0,1017.271,0,2
1759876247,192.168.56.13,0.34,0.0,64,1,0,0.26,1.0,1.0,0.304,1,3
1759876247,192.168.56.10,0.292,0.0,64,1,0,0.32,1.0,1.0,0.346,0,0
1759876247,192.168.56.11,0.399,0.0,64,1,1,1.54,1.0,0.0,1.199,0,1
1759876247,192.168.56.12,0.427,0.0,64,1,0,5.36,0.0,0.0,0.336,0,2
1759876276,192.168.56.13,0.264,0.0,64,1,0,0.28,1.0,1.0,0.283,1,3
1759876276,192.168.56.10,0.247,0.0,64,1,0,0.3,1.0,1.0,0.342,0,0
1759876276,192.168.56.11,0.238,0.0,64,1,1,1.48,1.0,0.0,0.825,0,1
1759876276,192.168.56.12,0.23,0.0,64,1,0,5.33,0.0,0.0,0.469,0,2
1759876305,192.168.56.10,0.314,0.0,64,1,0,0.82,1.0,1.0,0.345,0,0
1759876305,192.168.56.11,0.241,0.0,64,1,1,2.03,1.0,0.0,0.622,0,1
1759876305,192.168.56.13,0.283,0.0,64,1,0,0.8,1.0,1.0,0.404,1,3
1759876305,192.168.56.12,0.297,0.0,64,1,0,5.82,0.0,0.0,0.473,0,2
1759876335,192.168.56.13,0.29,0.0,64,1,0,0.31,1.0,1.0,0.326,1,3
1759876335,192.168.56.10,0.296,0.0,64,1,0,0.3,1.0,1.0,0.284,0,0
1759876335,192.168.56.11,0.304,0.0,64,1,1,1.48,1.0,0.0,0.866,0,1
1759876335,192.168.56.12,0.292,0.0,64,1,0,5.36,0.0,0.0,0.546,0,2
1759876363,192.168.56.13,0.284,0.0,64,1,0,0.31,1.0,1.0,0.298,1,3
1759876363,192.168.56.10,0.286,0.0,64,1,0,0.3,1.0,1.0,0.288,0,0
1759876363,192.168.56.11,0.223,0.0,64,1,1,1.46,1.0,0.0,0.756,0,1
1759876363,192.168.56.12,0.278,0.0,64,1,0,5.3,0.0,0.0,0.549,0,2
1759876392,192.168.56.10,0.256,0.0,64,1,0,0.42,1.0,1.0,0.378,0,0
1759876392,192.168.56.11,0.22,0.0,64,1,1,1.56,1.0,0.0,0.755,0,1
1759876392,192.168.56.13,0.261,0.0,64,1,0,0.3,1.0,1.0,0.278,1,3
1759876392,192.168.56.12,0.312,0.0,64,1,0,5.33,0.0,0.0,0.414,0,2
1759876421,192.168.56.10,0.268,0.0,64,1,0,0.29,1.0,1.0,0.476,0,0
1759876421,192.168.56.13,0.295,0.0,64,1,0,0.39,1.0,1.0,0.388,1,3
1759876421,192.168.56.11,0.269,0.0,64,1,1,1.48,1.0,0.0,0.817,0,1
1759876421,192.168.56.12,0.344,0.0,64,1,0,5.42,0.0,0.0,0.331,0,2
1759876450,192.168.56.13,0.286,0.0,64,1,0,0.4,1.0,1.0,0.614,1,3
1759876450,192.168.56.10,0.271,0.0,64,1,0,0.38,1.0,1.0,0.353,0,0
1759876450,192.168.56.11,0.254,0.0,64,1,1,1.56,1.0,0.0,0.875,0,1
1759876450,192.168.56.12,0.352,0.0,64,1,0,5.4,0.0,0.0,0.397,0,2
